<?xml version="1.0" encoding="UTF-8"?>
<project-private xmlns="http://www.netbeans.org/ns/project-private/1">
    <editor-bookmarks xmlns="http://www.netbeans.org/ns/editor-bookmarks/2" lastBookmarkId="0"/>
    <open-files xmlns="http://www.netbeans.org/ns/projectui-open-files/2">
        <group>
            <file>file:/C:/Users/patom/OneDrive/Escritorio/PP%20Progra/RecuSegundoParcial/src/model/evento.java</file>
            <file>file:/C:/Users/patom/OneDrive/Escritorio/PP%20Progra/RecuSegundoParcial/src/service/GestorEventos.java</file>
            <file>file:/C:/Users/patom/OneDrive/Escritorio/PP%20Progra/RecuSegundoParcial/src/service/Almacenable.java</file>
            <file>file:/C:/Users/patom/OneDrive/Escritorio/PP%20Progra/RecuSegundoParcial/src/recusegundoparcial/Test.java</file>
            <file>file:/C:/Users/patom/OneDrive/Escritorio/PP%20Progra/RecuSegundoParcial/src/model/EventoMusical.java</file>
        </group>
    </open-files>
</project-private>
